id,title,year,rating_count,rating_score,tp_drama,tp_comedy,tp_action,tp_romance,polarity_mean,polarity_std,comment_count,positive_ratio,negative_ratio,box_off,avg_price,avg_attend
2,让子弹飞,2011,142504.0,9.9,1,1,1,0,0.0141912331765885,0.4877042040499801,2019,0.4526993561168895,0.5473006438831105,16294,45.51810999999999,23.0
3,扬名立万,2021,43930.0,9.6,1,1,0,0,0.2255996569005664,0.586908204882587,1996,0.6082164328657315,0.3917835671342685,92669,38.03331727967282,6.99216566489333
4,新神榜：杨戬,2022,19026.0,8.4,0,0,1,0,0.0058261412853759,0.6991164984102501,1996,0.4919839679358717,0.5080160320641283,55553,42.119164,5.0
6,交换人生,2023,3055.0,8.0,0,1,0,0,-0.3630166990257603,0.5925785470535565,1747,0.2341156267887807,0.7658843732112193,39347,49.58561,13.0
7,温暖的抱抱,2020,11511.0,8.0,0,1,0,0,0.2236468387193294,0.6519805487071538,1996,0.6337675350701403,0.3662324649298597,86417,37.13132747693162,17.79222838098985
8,哪吒之魔童闹海,2025,4670.0,9.8,1,1,0,0,0.2328555893721161,0.6063197331578413,1998,0.6141141141141141,0.3858858858858859,1543143,47.646744,24.0
9,坚如磐石,2023,1633.0,7.4,1,0,1,0,-0.2343845667502777,0.6458602444254554,1121,0.2979482604817127,0.7020517395182873,135165,42.90321,10.0
12,罗小黑战记,2019,86340.0,9.6,0,0,1,0,0.1989733441457808,0.5751228598492034,1998,0.5940940940940941,0.4059059059059059,31501,33.325783,8.0
13,四海,2022,,,0,1,1,1,-0.2586289882988394,0.6135351694988075,1996,0.2835671342685371,0.7164328657314629,54279,53.10474,17.0
14,夺冠,2020,16224.0,9.1,1,0,0,0,0.2289064490684066,0.5773466628636261,1999,0.64032016008004,0.35967983991996,83650,38.815342,11.0
15,新神榜：哪吒重生,2021,28744.0,8.9,0,0,1,0,0.1668739570385555,0.6978448338409343,2017,0.5875061973227566,0.4124938026772434,45636,43.811897,14.0
17,喜羊羊与灰太狼之筐出未来,2022,42741.0,9.8,0,1,0,0,0.2488991860286318,0.5574128737050223,1998,0.6471471471471472,0.3528528528528528,16051,42.906994,10.0
20,万万没想到,2015,4756.0,8.2,0,1,0,0,0.1194090664481574,0.6348960901334637,1375,0.5570909090909091,0.4429090909090909,32097,28.692493,24.0
21,飞驰人生,2019,13064.0,9.4,0,1,0,0,0.1146591287817119,0.6091866513820557,1998,0.5575575575575575,0.4424424424424424,172824,41.70515976318104,25.059019580613803
22,全职高手之巅峰荣耀,2019,16484.0,6.5,1,0,1,0,-0.0753648009152144,0.6971425856282908,2016,0.4246031746031746,0.5753968253968254,8562,35.35017,9.0
23,武林外传,2011,7761.0,9.5,0,1,1,0,0.2642463381612313,0.5767086295640655,1999,0.6608304152076038,0.3391695847923962,18643,35.90818,33.0
25,狙击手,2022,9479.0,7.8,1,0,0,0,0.0633242453799969,0.6827205084041107,2019,0.5240217929668153,0.4759782070331847,60806,44.77382,7.0
26,中国乒乓之绝地反击,2023,2820.0,9.0,1,0,0,0,0.2526298809342336,0.6183991594768338,1997,0.6344516775162744,0.3655483224837256,10094,43.72774,5.0
27,姜子牙,2020,36044.0,7.6,1,0,0,0,-0.0390313707311944,0.712378637222556,2016,0.4637896825396825,0.5362103174603174,160302,39.790684,19.0
28,一秒钟,2020,6212.0,6.0,1,0,0,0,0.0239777901500138,0.653292691084176,1399,0.4767691208005718,0.5232308791994281,13130,37.046616,5.0
29,抓娃娃,2024,4849.0,9.2,0,1,0,0,0.1896779268573155,0.5994393583787853,1996,0.5961923847695391,0.4038076152304609,332748,41.382744,14.0
30,八佰,2020,82047.0,6.4,1,0,0,0,0.0598395077967997,0.628759572156649,1996,0.4884769539078156,0.5115230460921844,311084,38.33633,20.0
31,夏洛特烦恼,2015,16668.0,9.5,0,1,0,1,0.0741656150785274,0.5951453647361052,2000,0.5175,0.4825,144474,32.16958993133712,33.88734305134488
32,飞驰人生2,2024,10911.0,9.5,1,1,0,0,0.1892141358717344,0.5571292921877319,2000,0.59,0.41,336118,48.021324,19.0
36,请别相信她,2023,461.0,5.9,0,1,0,1,0.0392670396715402,0.6401833467167213,290,0.5,0.5,5220,40.653793,5.0
37,年会不能停！,2023,11429.0,9.6,1,1,0,0,0.1942653882696017,0.5808419500171262,1999,0.6028014007003502,0.3971985992996498,129264,39.353182111198784,9.329387919296945
39,孤注一掷,2023,3283.0,9.1,1,0,0,0,0.2157086374962288,0.6213121035562686,1996,0.6287575150300602,0.3712424849699399,384884,41.41745,18.0
40,周处除三害,2024,5272.0,9.7,0,0,1,0,0.2248524227902084,0.5583592468662794,1998,0.6051051051051051,0.3948948948948949,66583,39.485966,7.0
42,明日战记,2022,6405.0,7.9,0,0,1,0,-0.000640218949114,0.7083655973958632,1999,0.4877438719359679,0.512256128064032,67947,41.25766,7.0
43,白蛇传·情,2021,11753.0,9.9,1,0,0,1,0.3408844319984138,0.5720476797954205,1997,0.7100650976464697,0.2899349023535303,2374,38.45871233192923,5.0
44,战狼,2015,11789.0,7.8,0,0,1,0,-0.106076805155715,0.6298291294550341,2010,0.3771144278606965,0.6228855721393035,54360,34.307503,25.0
46,人在囧途,2012,6250.0,9.6,0,1,0,0,0.2070770769329079,0.551085475727204,1645,0.6048632218844985,0.3951367781155015,64,29.55581,36.0
47,宇宙探索编辑部,2023,10048.0,9.6,0,1,0,0,0.0974192814507593,0.5769785460203666,1998,0.5480480480480481,0.4519519519519519,6704,44.311047,5.0
48,唐探1900,2025,5886.0,8.9,0,1,1,0,0.2627804174297233,0.6200483953404625,1998,0.6391391391391391,0.3608608608608609,361247,48.67374,19.0
49,三大队,2023,4928.0,9.7,1,0,0,0,0.2153687404581048,0.5774113235389027,1997,0.599899849774662,0.400100150225338,70586,42.25925143838722,8.173547162326807
50,绣春刀,2014,7309.0,9.2,1,0,1,0,0.1850457399296619,0.629612809780109,1664,0.5973557692307693,0.4026442307692308,9318,31.629831,17.0
51,无名,2023,8942.0,8.8,1,0,0,0,0.1654549257431916,0.6580627169832176,1992,0.5808232931726908,0.4191767068273092,93143,52.47412500000001,17.0
52,热辣滚烫,2024,14533.0,7.2,1,1,0,0,0.0076548636536829,0.6197663419547705,1983,0.4740292486132123,0.5259707513867877,341757,48.01732,22.0
54,龙门飞甲,2011,2066.0,7.4,1,0,1,0,-0.1870836830000296,0.6452468106049659,558,0.3512544802867383,0.6487455197132617,53969,44.16587750078749,37.02410643146992
55,百鸟朝凤,2016,6437.0,9.8,1,0,0,0,0.1296868241663964,0.6319156069148675,1997,0.5728592889334001,0.4271407110665999,8671,28.142624,14.0
57,第二十条,2024,4324.0,9.0,1,1,0,0,0.1015197523936263,0.6422683343316135,1997,0.5338007010515774,0.4661992989484226,242942,46.311985,16.0
58,金手指,2023,582.0,8.3,1,0,0,0,0.0178406189751226,0.6775892217512036,441,0.4784580498866213,0.5215419501133787,57441,40.46514471558643,11.179262199474245
59,非诚勿扰3,2023,677.0,9.0,1,1,0,1,0.114584571486321,0.677038759658945,519,0.5491329479768786,0.4508670520231214,10222,41.48419775503815,6.959694775973391
60,一代宗师,2013,4519.0,9.2,1,0,1,1,0.1518556134518076,0.6364298522923166,1003,0.5812562313060817,0.4187437686939183,28784,36.19181,25.0
61,我们的冬奥,2022,3441.0,6.0,1,0,0,0,-0.0364153799134607,0.6210359697317489,1478,0.4539918809201624,0.5460081190798376,6505,36.903156,5.0
63,1917,2020,14210.0,9.7,1,0,0,0,0.2351224770086382,0.5784469460282854,1996,0.6312625250501002,0.3687374749498998,6908,32.361782,5.0
64,无人区,2013,5364.0,9.7,1,0,0,0,0.1418303785572913,0.5900447950591404,1284,0.5537383177570093,0.4462616822429907,25953,31.284878375447924,20.977112472546526
65,烈日灼心,2015,7737.0,9.6,1,0,0,0,0.0966022225713817,0.635339443725555,1997,0.5207811717576365,0.4792188282423635,30297,31.289005,21.0
66,白蛇：浮生,2024,2684.0,9.5,0,1,0,1,0.2539638038052765,0.6143549119430044,1996,0.6347695390781564,0.3652304609218437,42520,41.332302,7.0
68,毒战,2013,5547.0,9.7,1,0,1,0,0.2519058101587961,0.6054597069019869,1314,0.6339421613394216,0.3660578386605784,14692,32.18385,20.0
69,默杀,2024,,,1,0,0,0,0.0588302006590133,0.6507898176223762,971,0.5128733264675592,0.4871266735324407,135128,41.193794,10.0
70,有完没完,2017,128.0,3.8,1,1,0,0,-0.3198018747860113,0.6049869046620318,111,0.2792792792792792,0.7207207207207207,3742,28.720604,8.0
71,好东西,2024,9262.0,9.0,1,0,0,1,0.3533383973220592,0.5552870566343459,1995,0.7157894736842105,0.2842105263157894,72146,42.18296409918776,5.976381226956449
72,红海行动,2018,16101.0,9.7,0,0,1,0,0.2298474631956778,0.5937988678898244,2000,0.623,0.377,365154,39.28745561804335,32.99430377320254
74,无名之辈,2018,6541.0,9.2,1,1,0,0,0.0209453781333782,0.6602449920878206,1596,0.4937343358395989,0.506265664160401,79409,34.601288,12.0
75,东成西就2011,2011,859.0,5.2,0,1,1,1,-0.0923368928829309,0.6674203294496632,239,0.4225941422594142,0.5774058577405857,7491,31.243221,22.0
76,特殊身份,2013,1062.0,5.3,0,0,1,0,-0.3021616944999482,0.5738009922487115,426,0.2746478873239437,0.7253521126760564,15511,31.718954,16.0
78,毒舌律师,2023,2350.0,9.4,1,0,0,0,0.1957167918790318,0.6049035297201921,1842,0.6004343105320304,0.3995656894679696,18712,34.718945,5.0
79,超时空同居,2018,2965.0,8.9,0,1,0,1,0.1667755771851573,0.650602629396673,834,0.6031175059952039,0.3968824940047961,90307,33.02727997504069,11.985737539725603
80,变形金刚4：绝迹重生,2014,3174.0,7.6,0,0,1,0,-0.0944575530679975,0.6681870199369649,752,0.425531914893617,0.574468085106383,197651,41.633846,50.0
81,爱很美味,2023,669.0,9.4,0,1,0,1,0.4054002369487668,0.5626227921475223,521,0.7543186180422264,0.2456813819577735,1455,39.34677,2.0
83,末路狂花钱,2024,1333.0,7.9,1,1,0,0,0.0485853381971183,0.666126074975004,1068,0.499063670411985,0.5009363295880149,78181,40.081078,7.0
84,明月几时有,2017,,,1,0,0,0,0.027883408969501,0.6762029516357705,32,0.4375,0.5625,6302,34.353573,9.0
85,扫毒,2013,4275.0,9.2,1,0,1,0,0.0627424177489825,0.6547391365706742,961,0.5078043704474505,0.4921956295525494,23737,32.004,22.0
87,误杀3,2024,,,1,0,0,0,-0.1897104603207359,0.6557794025565428,600,0.3266666666666666,0.6733333333333333,93332,42.01140673638195,8.559465135216218
88,Hello！树先生,2011,5532.0,9.6,1,0,0,0,-0.1566978088021522,0.5966333595130682,1524,0.3713910761154855,0.6286089238845144,216,30.039864999999995,8.0
90,变形金刚5：最后的骑士,2017,4806.0,4.9,0,0,1,0,-0.3425575268014665,0.6020562698303318,1316,0.2522796352583586,0.7477203647416414,155126,36.93787,23.0
91,我才不要和你做朋友呢,2024,385.0,7.9,1,1,0,0,0.1041099529324488,0.6665072301867293,273,0.5421245421245421,0.4578754578754578,20402,39.837288,4.0
92,少年的你,2019,429.0,7.0,1,0,0,1,-0.0104354904698474,0.6377559775797327,266,0.4285714285714285,0.5714285714285714,155826,36.23436441211993,16.002759488147035
95,海关战线,2024,294.0,4.4,1,0,1,0,-0.3472622604316742,0.5517170360881257,238,0.2478991596638655,0.7521008403361344,12929,43.255997,4.0
96,胜券在握,2024,2512.0,9.3,1,0,0,0,0.2640558662716908,0.6124954323233813,1994,0.6263791374122367,0.3736208625877633,20423,37.2509,4.0
97,将错就错,2015,,,0,1,0,1,-0.3961196052841842,0.6313929749913607,18,0.2777777777777778,0.7222222222222222,3931,29.922781,10.0
98,寒战,2012,1865.0,9.3,1,0,1,0,0.106685128318459,0.6369502756415796,339,0.5486725663716814,0.4513274336283185,25297,31.687748000000003,21.0
99,头脑特工队2,2024,1369.0,9.8,1,1,0,0,0.288572520492002,0.5585524019842119,1015,0.6650246305418719,0.334975369458128,34444,40.961777,6.0
100,从21世纪安全撤离,2024,5150.0,9.7,0,0,1,1,0.1318341954089701,0.5911488726778319,2000,0.5595,0.4405,11205,42.366615,5.0
101,盲探,2013,2116.0,9.3,0,1,0,1,0.1761051899391784,0.6209084288600134,569,0.6151142355008787,0.3848857644991212,21263,32.116219119550394,26.86855100409161
102,异人之下,2024,,,1,0,1,1,-0.0003763788910669,0.6600982175925204,535,0.4485981308411215,0.5514018691588785,11874,42.401585,5.0
104,无双,2018,7075.0,9.6,1,0,1,0,0.0235713298412935,0.6142607867332621,1521,0.4714003944773176,0.5285996055226825,127378,35.562145,15.0
105,前任4：英年早婚,2023,1147.0,9.0,0,1,0,1,0.0835061974371298,0.6607169988383319,1036,0.5328185328185329,0.4671814671814672,101231,42.32932,10.0
106,涉过愤怒的海,2023,2561.0,7.8,1,0,0,0,-0.2526077250572766,0.6148184558819025,1728,0.3043981481481481,0.6956018518518519,54911,42.310577,8.0
107,逆行人生,2024,,,1,0,0,0,0.0855055469545451,0.6535788704671137,1925,0.52,0.48,35927,41.666077,7.0
108,风平浪静,2020,2028.0,7.4,1,0,0,1,-0.0178030182496396,0.716583773241302,545,0.4623853211009174,0.5376146788990825,8352,34.03937,4.0
109,功夫熊猫3,2016,796.0,9.6,0,1,1,0,0.1066269243766427,0.5707394980429239,523,0.5200764818355641,0.4799235181644359,100054,35.606167,25.0
110,扫毒2天地对决,2019,1985.0,7.7,1,0,1,0,-0.0093347986035242,0.6911510935140117,385,0.4701298701298701,0.5298701298701298,131288,36.39498874450063,16.062519042105905
111,绣春刀II：修罗战场,2017,5450.0,6.6,1,0,1,0,-0.2417638187099302,0.6593624714902423,1524,0.3254593175853018,0.6745406824146981,26586,31.237286,13.0
112,警察故事2013,2013,1583.0,8.9,1,0,1,0,0.1047989858443883,0.6449513997467288,374,0.5721925133689839,0.427807486631016,53404,39.560500241929454,27.050558010635907
114,江湖论剑实录,2014,5794.0,9.3,0,1,0,0,0.1227452442515175,0.5970104535144339,1998,0.5465465465465466,0.4534534534534534,1085,29.616884,9.0
116,猩球崛起：新世界,2024,155.0,8.8,0,0,1,0,-0.0749506326094269,0.6947550225010075,125,0.424,0.576,20936,41.05565,4.0
117,搜救,2022,776.0,2.7,1,0,0,0,-0.3027910676510228,0.5798643527954869,329,0.2553191489361702,0.7446808510638298,2000,37.09931,1.0
120,749局,2024,,,0,0,1,0,-0.2279981600373598,0.5771767858096355,1992,0.3142570281124498,0.6857429718875502,37573,41.159782,11.0
121,碟中谍6：全面瓦解,2018,2073.0,9.7,0,0,1,0,0.1351236820782632,0.563082593630959,451,0.5543237250554324,0.4456762749445676,124523,36.820988,15.0
122,追龙,2017,3555.0,9.4,0,0,1,0,0.1596806027023918,0.601001546489558,713,0.5792426367461431,0.4207573632538569,57726,32.49085,20.0
125,大耳朵图图之霸王龙在行动,2021,1221.0,9.2,0,1,0,0,0.1276823869440704,0.5872433844954978,420,0.5547619047619048,0.4452380952380952,5405,34.25689,8.0
126,我不是王毛,2016,2898.0,9.7,0,1,0,0,0.1214098386177472,0.5984653091806531,754,0.5689655172413793,0.4310344827586206,263,28.125498,4.0
127,志愿军：存亡之战,2024,,,1,0,0,0,0.2820980684992025,0.6129559166818321,674,0.6602373887240356,0.3397626112759644,120700,41.34387236634631,9.99897265948633
128,天机·富春山居图,2013,5503.0,2.5,0,0,1,0,-0.2059769842636336,0.6101770966376993,2014,0.3411122144985104,0.6588877855014895,30030,38.373573,24.0
129,白鹿原,2012,760.0,8.6,1,0,0,0,0.0079488540090028,0.6949838640044281,214,0.4906542056074766,0.5093457943925234,14183,38.830124,22.0
131,十二公民,2015,7105.0,9.6,1,0,0,0,0.2707234665604774,0.6106019668033569,2000,0.656,0.344,1400,32.90995922142857,7.982142857142857
133,第十一回,2021,3696.0,9.1,1,1,0,0,0.0659789028418964,0.6525779378588062,1028,0.5291828793774319,0.4708171206225681,7397,38.40554,4.0
135,云边有个小卖部,2024,1265.0,8.3,1,0,0,1,-0.1062475089799829,0.6703994077076252,913,0.4085432639649507,0.5914567360350493,49869,40.519417,6.0
137,黄金大劫案,2012,3559.0,8.3,1,1,1,1,0.0242183821501089,0.6868760673102812,984,0.508130081300813,0.491869918699187,15015,32.54367,23.0
138,追龙Ⅱ,2019,1018.0,6.4,1,0,1,0,-0.2846800584153945,0.6564104410088437,223,0.3094170403587444,0.6905829596412556,30906,36.264503,11.0
139,小小的我,2024,,,1,0,0,0,0.3405047832252679,0.5780057993850087,1094,0.7157221206581352,0.2842778793418647,76590,40.1935050042042,10.336127431779603
141,无价之宝,2011,1547.0,9.4,1,0,0,0,0.1570435878466953,0.6313133142585452,1211,0.5689512799339389,0.4310487200660611,15989,39.89094320482832,5.5066608293201575
143,河边的错误,2023,3469.0,9.5,1,0,0,0,0.1215737165305763,0.667126191557542,2000,0.583,0.417,30969,41.943657,5.0
144,寻龙诀,2015,3827.0,8.8,1,0,1,0,0.2778477897170677,0.6233044233450126,1013,0.6653504442250741,0.3346495557749259,167988,36.20369794923448,41.696978355596826
146,金刚：骷髅岛,2017,2057.0,8.4,0,0,1,0,0.0139525559968362,0.6384074140152326,396,0.4924242424242424,0.5075757575757576,115892,35.14932,20.0
148,巨齿鲨,2018,4067.0,5.8,0,0,1,0,-0.2063350479789308,0.6413588593309506,1294,0.3400309119010819,0.6599690880989181,105374,38.29538028275476,21.96298897261184
150,魔兽,2016,3425.0,8.7,0,0,1,0,-0.0010455766260605,0.6410004037626921,806,0.4900744416873449,0.5099255583126551,146874,37.071747,25.0
151,白日焰火,2014,1400.0,9.1,1,0,0,1,-0.0260013660742991,0.631312777860776,319,0.4952978056426332,0.5047021943573667,10223,31.479076,15.0
152,蒸发太平洋,2016,3371.0,2.9,1,0,0,0,-0.1970013740270455,0.6022418878260092,1346,0.3298662704309064,0.6701337295690936,3501,33.87463,5.0
153,后会无期,2014,2954.0,9.3,1,0,0,0,0.089328006644916,0.6007606301894857,759,0.546772068511199,0.453227931488801,62875,31.95702,34.0
154,再见，李可乐,2023,494.0,8.7,1,0,0,0,0.0405366938305838,0.692521980018458,372,0.4973118279569892,0.5026881720430108,24106,40.689762,6.0
155,走走停停,2024,3104.0,9.8,1,1,0,0,0.2657501525856539,0.5749712738167697,1997,0.6609914872308462,0.3390085127691537,10296,39.212845,4.0
156,杀破狼·贪狼,2017,2053.0,9.3,1,0,1,0,0.0656789544038474,0.659152641708108,420,0.5238095238095238,0.4761904761904761,52291,32.32158,18.0
157,大黄蜂,2019,3064.0,8.6,0,0,1,0,0.1160009603475042,0.6241867278755069,1043,0.5656759348034516,0.4343240651965484,114945,35.906555,11.0
158,了不起的夜晚,2023,567.0,8.2,1,1,0,0,0.1241667724121144,0.6782885596710126,429,0.5687645687645687,0.4312354312354312,4690,35.669266,4.0
159,好像也没那么热血沸腾,2023,2329.0,9.3,1,1,0,0,0.3464259767362695,0.5848222036333318,1996,0.7039078156312625,0.2960921843687374,17548,42.153866,6.0
164,二手杰作,2023,1645.0,9.4,1,1,0,0,0.1010605888982586,0.61998052397542,1273,0.5365278868813825,0.4634721131186174,11570,38.659847,4.0
167,智取威虎山,2011,1331.0,8.8,1,0,1,0,0.1406129822183478,0.6152914912332069,384,0.5625,0.4375,88096,41.41292636553305,29.08732519070105
168,窃听风云3,2014,833.0,8.1,0,0,1,0,-0.1113862193448262,0.6862756597229751,180,0.4277777777777777,0.5722222222222222,30811,33.713696,21.0
172,大闹天宫,2012,4299.0,9.9,1,0,0,0,0.1253032165614313,0.5303411399288028,1498,0.568090787716956,0.4319092122830441,4097,35.06886656992922,24.956797656822065
174,青春派,2013,2444.0,9.2,1,0,0,1,0.241017716439567,0.5750218862969348,753,0.6666666666666666,0.3333333333333333,2713,28.291836,14.0
177,战国,2011,2130.0,3.0,1,0,1,1,-0.2829859785544838,0.5584162728111736,703,0.2631578947368421,0.7368421052631579,7597,33.728504,19.0
178,大武生,2011,,,1,0,1,1,-0.0732215855802808,0.4380198641870704,7,0.4285714285714285,0.5714285714285714,4148,32.613174,16.0
179,加菲猫家族,2024,498.0,8.8,0,1,0,0,0.1438191359930703,0.6177926569629966,356,0.5786516853932584,0.4213483146067415,18475,37.152363,5.0
182,大话西游之大圣娶亲,2014,1172.0,9.8,0,1,0,1,-0.0035628788725943,0.5508073028272122,893,0.4367301231802911,0.5632698768197089,18682,26.922206695000536,14.845252114334654
183,河东狮吼2,2012,,,0,1,1,1,-0.5375185309288403,0.3559876832717824,12,0.0833333333333333,0.9166666666666666,7088,30.985016,18.0
184,开心超人之英雄的心,2022,2995.0,2.7,0,1,0,0,-0.2514027733215173,0.6014829004137289,1729,0.3036437246963562,0.6963562753036437,1657,31.766876,3.0
185,饭局也疯狂,2012,571.0,6.0,1,1,0,0,-0.1534158327187339,0.6339089548919425,167,0.3712574850299401,0.6287425149700598,4378,31.41689,27.0
186,焚城,2024,,,1,0,1,0,-0.1300070633629883,0.6775166620261098,402,0.3830845771144278,0.6169154228855721,25882,40.958089407426016,3.9997681786569816
187,速度与激情7,2015,509.0,9.6,0,0,1,0,0.0850431986735852,0.5340202475900219,358,0.5279329608938548,0.4720670391061452,244283,38.88508630623907,41.66919106118723
191,辛亥革命,2011,319.0,9.5,1,0,0,0,0.34674318597595,0.5721955876617502,98,0.6938775510204082,0.3061224489795918,4067,32.454334,19.0
192,魔法坏女巫,2024,227.0,9.1,1,0,0,0,0.2695988913339947,0.6048036528295313,167,0.6646706586826348,0.3353293413173652,1533,47.18951370058709,3.093933463796477
193,神奇侠侣,2011,392.0,8.2,0,1,0,0,0.1113410786526011,0.5892580006503636,140,0.5571428571428572,0.4428571428571428,5049,32.285465,25.0
195,好命先生,2014,,,0,1,0,1,-0.5315270110964775,0.361126997663611,5,0.2,0.8,2179,29.709946,10.0
196,北京遇上西雅图,2013,935.0,8.6,0,1,0,1,0.27480873235422,0.603083284350965,223,0.6905829596412556,0.3094170403587444,51971,31.588987,31.0
197,移情高手,2021,564.0,3.1,0,1,0,1,-0.3011319367565158,0.6244786566121654,133,0.2857142857142857,0.7142857142857143,153,32.021473,1.0
198,大耳朵图图之美食狂想曲,2017,2562.0,9.7,0,1,0,0,0.1244486491416071,0.5838587152420167,1015,0.5576354679802956,0.4423645320197044,4300,30.183474,11.0
199,神奇女侠,2017,2649.0,8.6,0,0,1,0,0.064731679171579,0.6122722903924349,613,0.5122349102773246,0.4877650897226753,61012,36.301,16.0
200,维和防暴队,2024,,,1,0,1,0,-0.0789474266371024,0.6476626687375822,1750,0.4205714285714286,0.5794285714285714,51173,41.858932,8.0
201,野马分鬃,2021,994.0,5.9,1,0,0,0,-0.2287261188979137,0.6730527840667111,265,0.3660377358490566,0.6339622641509434,1174,30.752109999999995,2.0
202,云霄之上,2022,,,1,0,0,0,0.0835721428338133,0.6731011537114698,61,0.5737704918032787,0.4262295081967213,445,36.69392,7.0
204,生化危机：终章,2017,1000.0,5.9,0,0,1,0,-0.1657205589610753,0.6513990139190174,237,0.3755274261603376,0.6244725738396625,110949,34.683666,20.0
205,攻壳机动队,2017,2822.0,7.4,0,0,1,0,-0.1542696115679153,0.672696527527059,732,0.4002732240437158,0.5997267759562842,21709,36.67785093657009,8.52890506241651
207,一八九四·甲午大海战,2012,720.0,7.9,1,0,0,0,0.0742906931069834,0.6858772274283623,192,0.546875,0.453125,387,29.349188000000005,10.0
208,非诚勿扰2,2011,1036.0,9.1,0,1,0,1,0.0675917509510987,0.6412495274054235,237,0.5358649789029536,0.4641350210970464,12746,47.888172,20.0
209,全民目击,2013,2579.0,8.9,1,0,0,0,0.1794746260971985,0.6325036437904077,710,0.6028169014084507,0.3971830985915493,18100,31.929476,19.0
210,龙虎门,2013,1268.0,9.1,1,0,1,0,0.0559580426493277,0.5664624416345658,307,0.50814332247557,0.4918566775244299,351,23.96918307977208,146.50712250712252
211,叶问：终极一战,2013,1081.0,5.3,1,0,1,0,-0.0781782109459692,0.6290380090193469,264,0.428030303030303,0.571969696969697,1112,30.696672000000003,6.0
214,来福大酒店,2024,1746.0,9.7,1,0,0,0,0.3478481290471346,0.5562825259757531,1421,0.7121745249824067,0.2878254750175932,5644,41.45765,3.0
216,京城81号,2014,3276.0,2.7,1,0,0,0,-0.213498637906414,0.60612386299269,1245,0.3373493975903614,0.6626506024096386,41159,35.514374,30.0
217,寻汉计,2021,641.0,5.3,0,1,0,0,-0.1887898837615336,0.6944625495225619,182,0.3846153846153846,0.6153846153846154,404,36.686157,3.0
218,解密,2024,872.0,9.3,1,0,0,0,0.0935015674575892,0.7094067172278408,659,0.5235204855842185,0.4764795144157815,33462,42.142086,8.0
219,“骗骗”喜欢你,2024,812.0,9.2,1,0,0,0,0.3098730333257412,0.5709313891014828,690,0.6811594202898551,0.3188405797101449,44586,36.332434555106985,6.823890907459741
221,逆鳞,2024,,,1,0,0,0,-0.3728622017028616,0.589549524688144,254,0.2165354330708661,0.7834645669291339,17533,41.384117,4.0
222,窃听风云,2011,1371.0,9.6,1,0,1,0,0.0905129185592501,0.5998131803675205,271,0.5239852398523985,0.4760147601476014,197,31.40189,22.0
223,谈判专家,2024,808.0,9.3,1,0,0,0,0.2881707987794512,0.6140301137486873,662,0.6631419939577039,0.3368580060422961,15646,41.15596,4.0
224,硬汉2：奉陪到底,2011,362.0,8.9,0,0,1,1,0.3230984043966756,0.5425776049381928,117,0.717948717948718,0.282051282051282,2325,32.202225,14.0
226,一闪一闪亮星星,2023,609.0,8.0,0,0,0,1,-0.1368126029144455,0.6777889716759008,439,0.398633257403189,0.6013667425968109,70240,42.0875840523918,34.68196184510251
227,朝云暮雨,2024,309.0,6.1,1,0,0,0,-0.1022401999111648,0.6656373263252989,222,0.3873873873873873,0.6126126126126126,1882,41.66053,2.0
228,湄公河行动,2016,365.0,9.1,1,0,1,0,0.1661013546378701,0.6237308081855754,221,0.583710407239819,0.416289592760181,118602,30.465903682442114,24.05145781690022
229,潜行,2023,,,1,0,1,0,-0.3714289231042501,0.5525545672764584,447,0.2214765100671141,0.7785234899328859,39004,39.64529864706184,12.650497384883602
231,海的尽头是草原,2022,1015.0,9.3,1,0,0,0,0.3549225674100262,0.6094531293630728,354,0.7570621468926554,0.2429378531073446,3612,36.59844,3.0
232,不二神探,2013,1031.0,6.9,0,1,1,0,-0.0594579468632722,0.6387476821068413,332,0.4307228915662651,0.5692771084337349,28391,31.523682,25.0
234,钢的琴,2011,5185.0,9.8,1,1,0,0,0.1903048116244434,0.5939834181497812,1270,0.6141732283464567,0.3858267716535433,645,33.125744,13.0
236,蛋炒饭,2011,1190.0,8.7,1,1,0,0,0.0271356652494156,0.6470397970856349,277,0.5018050541516246,0.4981949458483754,313,27.598455000000005,11.0
238,拯救嫌疑人,2023,679.0,7.6,1,0,0,0,-0.2190987440844508,0.6335035980142214,567,0.3298059964726631,0.6701940035273368,56957,41.73311,5.0
241,新步步惊心,2015,340.0,3.1,0,0,0,1,-0.3816835366931737,0.5259725056687525,133,0.2406015037593984,0.7593984962406015,3216,32.575516,9.0
243,激战,2013,2030.0,9.7,1,0,1,0,0.1170310262691962,0.595564043443803,478,0.5669456066945606,0.4330543933054393,11781,31.580505,22.0
244,观音山,2011,483.0,9.3,1,0,0,1,0.224946813365349,0.5930434713160325,156,0.6282051282051282,0.3717948717948718,6988,33.383526,18.0
246,扫黑·决不放弃,2024,352.0,7.7,1,0,0,0,0.0509038013600799,0.690188326180416,287,0.4634146341463415,0.5365853658536586,19264,39.77679,4.0
247,狗阵,2024,,,1,0,0,0,0.1117298101512388,0.6392247351195415,313,0.5527156549520766,0.4472843450479233,3269,40.577568,2.0
248,瞒天过海,2023,,,1,0,0,0,-0.0439937394045346,0.7045852165119983,139,0.4532374100719424,0.5467625899280576,16596,42.86955,6.0
249,一场风花雪月的事,2013,6111.0,2.1,0,0,1,1,-0.2150807929230411,0.5544719008023843,1991,0.3154193872425916,0.6845806127574083,2264,32.18225,13.0
251,照明商店,2023,639.0,8.3,1,0,0,0,0.091422050781977,0.6573063623249128,521,0.5489443378119002,0.4510556621880998,27548,40.81597577406708,5.801582692028459
254,搞定岳父大人,2012,705.0,9.3,0,1,0,1,0.3274093479127951,0.5481842456510876,213,0.704225352112676,0.2957746478873239,1748,29.742376,11.0
255,忍者神龟2：破影而出,2016,1019.0,8.0,0,1,1,0,-0.0757773451597751,0.6320398685527108,226,0.4292035398230088,0.5707964601769911,39259,34.335197,22.0
257,大话西游之月光宝盒,2014,755.0,9.8,0,1,0,1,0.064634709036909,0.5283742952011579,552,0.4728260869565217,0.5271739130434783,1577,23.8980276544071,15.142675967026
260,反贪风暴,2014,386.0,7.4,1,0,1,0,-0.1678026790181413,0.6519760106637089,78,0.3846153846153846,0.6153846153846154,9513,31.247965,14.0
263,浴火之路,2024,494.0,8.2,1,0,0,0,0.1120960068028309,0.6600104039822202,369,0.5501355013550135,0.4498644986449864,46195,39.477936,8.0
264,拆弹专家,2017,1257.0,8.2,0,0,1,0,-0.0237853107116136,0.6837663170316397,228,0.4736842105263157,0.5263157894736842,40055,32.502678,20.0
266,冰封：重生之门,2014,374.0,5.0,0,1,1,0,-0.1355238144937902,0.617957113125224,100,0.38,0.62,14258,36.47258,15.0
267,风暴,2013,629.0,7.4,0,0,1,0,-0.0778325565845916,0.6765763429727744,137,0.4671532846715328,0.5328467153284672,31455,38.612204309871245,22.802575107296136
269,一条狗的使命2,2019,3807.0,9.6,1,1,0,0,0.0792591519268369,0.6573573909706055,1213,0.5399835119538334,0.4600164880461665,19788,30.97013581382656,6.010915706488781
270,魔警,2014,864.0,8.3,0,0,1,0,-0.0636872106226365,0.6410685841861273,173,0.4277456647398844,0.5722543352601156,10813,31.149363,15.0
273,第一次,2012,175.0,8.4,0,0,0,1,0.4922426006217536,0.5166801792552669,76,0.8026315789473685,0.1973684210526315,3565,31.813887,15.0
274,催眠大师,2014,1152.0,9.2,1,0,0,0,0.2736625143566475,0.660629881028236,307,0.6612377850162866,0.3387622149837133,27365,31.74995,20.0
280,速度与激情8,2017,140.0,8.1,0,0,1,0,-0.1511042993718191,0.5565495764342613,92,0.3804347826086957,0.6195652173913043,267093,36.648834,30.0
281,敢死队2,2012,946.0,8.8,0,0,1,0,-0.0827627983083948,0.5653006036273093,200,0.4,0.6,33157,32.571957,26.0
284,大场面,2024,527.0,8.6,0,1,0,0,0.2511241659934146,0.6437267024056518,452,0.6238938053097345,0.3761061946902654,1246,41.552628,2.0
285,解救吾先生,2015,2683.0,9.6,1,0,0,0,0.2460129946797482,0.5922326789019193,592,0.6300675675675675,0.3699324324324324,19555,31.178534,21.0
286,危险关系,2012,215.0,7.8,1,0,0,1,-0.0349675347171132,0.6810988526534166,63,0.4761904761904761,0.5238095238095238,6251,33.948074,15.0
287,一雪前耻,2024,195.0,6.8,1,1,0,0,-0.0505458132564267,0.6716270912068185,158,0.430379746835443,0.569620253164557,9386,41.397747,3.0
291,痞子英雄之全面开战,2012,287.0,7.1,1,0,1,0,-0.0791767291987362,0.6747304735794056,78,0.4230769230769231,0.5769230769230769,8724,31.437096000000004,22.0
292,擒爱记,2012,,,0,1,0,1,-0.5357983452267945,0.4171211085919914,8,0.125,0.875,398,29.956316,7.0
294,出走的决心,2024,,,1,0,0,0,0.2835685762982536,0.565026333885091,1042,0.6737044145873321,0.3262955854126679,12402,39.88753,3.0
295,乔妍的心事,2024,,,1,0,0,0,-0.1057999189920795,0.7114429937777682,209,0.416267942583732,0.583732057416268,15137,39.107067,4.0
296,万箭穿心,2012,925.0,9.5,1,0,0,0,-0.0177403618113003,0.6762759061081491,318,0.4779874213836478,0.5220125786163522,249,30.49706,6.0
301,草木人间,2024,200.0,7.1,1,0,0,0,-0.1017622788597283,0.6787408548428954,145,0.3931034482758621,0.6068965517241379,12174,38.21213,4.0
302,夜孔雀,2016,290.0,5.3,1,0,0,1,-0.1468467249318301,0.5934061046662952,159,0.4213836477987421,0.5786163522012578,3313,27.59181,7.0
303,金刚王：死亡救赎,2013,205.0,8.4,1,0,1,0,0.1362665551833999,0.6029596499382472,78,0.5512820512820513,0.4487179487179487,1253,30.73552,7.0
304,大魔术师,2012,520.0,7.2,1,1,0,1,-0.0137544702935281,0.650714794187253,142,0.5,0.5,17343,33.882114,33.0
305,比利·林恩的中场战事,2016,1562.0,9.3,1,0,0,0,0.0561284393923623,0.6376337673120361,350,0.5285714285714286,0.4714285714285714,16487,43.543396,10.0
306,心理罪之城市之光,2017,1456.0,8.6,0,0,1,0,0.1963352936503028,0.6665797600000378,402,0.599502487562189,0.4004975124378109,22417,32.578911105857166,17.634563054824465
307,刺猬,2024,,,1,1,0,0,0.3709898203237406,0.5667725474680886,1295,0.7397683397683398,0.2602316602316602,14461,40.6685,4.0
308,大上海,2012,449.0,8.6,1,0,1,0,0.2455125799934779,0.6376452839790047,105,0.6095238095238096,0.3904761904761905,14951,33.71124546659087,24.090830044813057
310,我的青春期,2015,392.0,8.0,1,0,0,1,0.0061134300367147,0.6523881851416181,162,0.4814814814814814,0.5185185185185185,1228,28.217087000000003,6.0
311,刑警兄弟,2016,,,0,1,1,0,-0.2854113976160686,0.5921487225316819,3,0.3333333333333333,0.6666666666666666,3024,29.264275,10.0
314,封神第二部：战火西岐,2025,,,0,0,1,0,-0.2751156057843386,0.6550867347800227,108,0.3425925925925926,0.6574074074074074,123886,51.450768,20.0
317,三国之见龙卸甲,2014,1912.0,7.0,1,0,1,0,-0.0561216005066039,0.6583982756818992,609,0.4679802955665024,0.5320197044334976,168,24.868147,198.0
318,搜索,2012,1264.0,9.3,1,0,0,0,0.0061197522848557,0.6406694801743389,416,0.4975961538461538,0.5024038461538461,17309,32.774773,23.0
319,窃听风云2,2011,830.0,9.5,1,0,1,0,0.0752122707064113,0.6108361155318733,155,0.5612903225806452,0.4387096774193548,20869,33.52953,30.0
320,谍影重重5,2016,229.0,9.2,0,0,1,0,0.0787551488094734,0.5979444868304227,159,0.490566037735849,0.5094339622641509,44644,33.32567,16.0
321,穿过月亮的旅行,2024,191.0,9.2,1,0,0,1,0.4622002692866913,0.5309825301435739,142,0.8028169014084507,0.1971830985915492,4584,40.34207,4.0
325,财神客栈,2011,,,0,1,1,0,0.0437894807389331,0.5455208189654618,63,0.5079365079365079,0.492063492063492,10233,30.30436,27.0
329,大笑江湖,2011,305.0,8.8,0,0,1,1,0.0095492267277109,0.5904718060626524,209,0.4880382775119617,0.5119617224880383,57,31.293976,10.0
331,“炼”爱,2022,619.0,8.2,0,0,0,1,0.0189517650612478,0.6576757658176339,172,0.5058139534883721,0.4941860465116279,40,32.748524,1.0
332,猪猪侠大电影·星际行动,2024,236.0,2.8,0,1,0,0,-0.283485232074471,0.5526321008938962,170,0.2823529411764706,0.7176470588235294,5475,35.535126,6.0
335,罗曼蒂克消亡史,2016,1355.0,9.2,1,0,1,0,0.1452011650907669,0.6357550505486098,303,0.5610561056105611,0.4389438943894389,12278,31.706262755171853,11.187897051637076
341,超验骇客,2014,1611.0,8.5,0,0,1,1,-0.1897272658410501,0.6514279112917251,376,0.3803191489361702,0.6196808510638298,12567,39.06861,14.0
344,银河写手,2024,263.0,8.5,1,1,0,0,0.0608857598147033,0.6371141185156608,214,0.514018691588785,0.4859813084112149,425,39.66913,1.0
347,八月未央,2021,2045.0,2.5,0,0,0,1,-0.2941313970254779,0.5967835023741483,656,0.2820121951219512,0.7179878048780488,6796,32.032627,4.0
349,蜘蛛夫人：超感觉醒,2024,158.0,2.7,0,0,1,0,-0.3477228526294661,0.5114557408508965,104,0.2115384615384615,0.7884615384615384,583,41.216732,2.0
350,望道,2023,,,1,0,0,0,0.1029889559069154,0.653828979132786,49,0.5102040816326531,0.4897959183673469,8087,42.137405,14.0
351,一路惊喜,2015,195.0,6.8,0,1,0,1,0.1652368168166328,0.6710329528324339,62,0.6129032258064516,0.3870967741935484,6909,37.68099,16.0
353,像素大战,2015,533.0,8.0,0,1,1,0,0.0160364195915687,0.6665339006004962,194,0.5412371134020618,0.4587628865979381,10078,34.995846,9.0
354,全城高考,2013,567.0,6.1,1,0,0,0,-0.0547456230555291,0.6824325978283063,212,0.4433962264150943,0.5566037735849056,306,27.465004,8.0
355,浮城大亨,2012,952.0,9.7,1,0,0,0,0.3308928608416747,0.5901925979959441,351,0.7236467236467237,0.2763532763532763,885,30.873087,6.0
356,不能流泪的悲伤,2023,,,1,1,0,1,-0.0302735204664124,0.627503365080882,71,0.4647887323943662,0.5352112676056338,5536,41.818996,5.0
357,盟军敢死队,2024,,,1,0,0,0,0.017174391151995,0.6043227127671282,49,0.5102040816326531,0.4897959183673469,520,40.34144,1.0
358,周恩来的四个昼夜,2013,2340.0,9.8,1,0,0,0,0.2090242923165743,0.5918053503413389,520,0.6346153846153846,0.3653846153846153,5855,31.63971466951324,77.84884713919726
359,驴得水,2016,313.0,9.6,1,1,0,0,-0.0336430857639087,0.5846022958807093,227,0.4273127753303964,0.5726872246696035,17276,29.922623,11.0
360,四大名捕大结局,2014,319.0,5.8,0,0,1,1,-0.1290403589734743,0.6661534297641509,87,0.425287356321839,0.5747126436781609,19202,36.61039,18.0
369,警察日记,2014,193.0,9.5,1,0,0,0,0.2490153378127394,0.6124627100832055,74,0.6756756756756757,0.3243243243243243,172,24.899796,4.0
372,十全九美,2012,333.0,7.8,0,1,0,0,-0.0283894966147383,0.6425103314071627,98,0.4795918367346938,0.5204081632653061,315,24.330987866666668,146.98730158730157
374,侠探杰克：永不回头,2016,502.0,8.6,0,0,1,0,-0.0444828258751302,0.7159944739861905,98,0.4897959183673469,0.5102040816326531,6100,30.396477,8.0
375,四大名捕,2012,402.0,6.4,0,0,1,1,-0.1543941285908799,0.6565485727553019,129,0.3875968992248062,0.6124031007751938,19915,32.29362124067286,26.808586492593523
376,沙漏,2024,,,1,0,0,1,-0.0850391647944303,0.6664065161168959,73,0.410958904109589,0.589041095890411,3006,38.32414,3.0
377,重来,2011,,,1,0,0,0,-0.0638175423202269,0.6735972306244046,17,0.4705882352941176,0.5294117647058824,13,29.553572,5.0
378,整容日记,2014,249.0,6.1,0,1,0,1,-0.2194135463113586,0.5979951393733403,75,0.4,0.6,8435,30.894207,12.0
379,101次求婚,2013,987.0,8.1,0,0,0,1,-0.0151955131352657,0.6409583193697077,315,0.4634920634920635,0.5365079365079365,19997,33.460766,25.0
382,欢迎来到我身边,2024,507.0,9.1,0,1,0,1,0.2917217123866468,0.5878055737011483,385,0.6961038961038961,0.3038961038961039,4555,42.86203,3.0
383,荒原,2023,,,1,0,0,0,-0.0470506393334321,0.6474377147062488,57,0.4385964912280701,0.5614035087719298,195,39.967045,1.0
384,倍儿喜欢你,2023,,,0,1,0,1,-0.1017905689556809,0.6199916488164742,17,0.4117647058823529,0.5882352941176471,530,37.043232,1.0
386,灿烂的她,2024,,,1,0,0,0,0.0038330230170731,0.6575829539665922,159,0.4654088050314465,0.5345911949685535,10028,38.203873,3.0
389,向阳·花,2025,,,1,0,0,0,0.0041556543243738,0.7353655948041812,144,0.4930555555555556,0.5069444444444444,23044,39.56057,3.0
392,匹夫,2012,180.0,6.8,1,0,1,0,0.0027777076767826,0.6979180301957615,54,0.4259259259259259,0.5740740740740741,2624,32.27617937652439,24.796493902439025
393,奋斗,2011,,,1,1,0,1,-0.2022101521078083,0.6859610225660591,18,0.3888888888888889,0.6111111111111112,565,30.939978,11.0
394,野孩子,2024,616.0,9.2,1,0,0,0,0.33240788653768,0.5947413474324627,474,0.7109704641350211,0.2890295358649789,24123,39.919666,4.0
396,江湖儿女,2018,112.0,8.7,0,0,0,1,0.1245044451507349,0.5972171907874312,93,0.5376344086021505,0.4623655913978494,6995,33.936447,6.0
401,我的新野蛮女友,2016,148.0,4.5,0,1,0,1,-0.1056980435969308,0.5914548346563552,32,0.40625,0.59375,3413,28.45867,7.0
403,浮城谜事,2012,281.0,8.9,1,0,0,0,-0.0544294966705914,0.641972288172722,87,0.4137931034482758,0.5862068965517241,552,30.405878000000005,5.0
406,李献计历险记,2011,628.0,8.5,0,0,0,1,0.0511844874435693,0.6102569541234154,196,0.5306122448979592,0.4693877551020408,697,32.742977,9.0
407,黑猫警长之翡翠之星,2015,195.0,8.1,0,1,1,0,0.0185470577329397,0.6323724627886326,120,0.4666666666666667,0.5333333333333333,7058,31.070280000000004,15.0
409,长江图,2016,141.0,8.8,1,0,0,1,0.2283751975240496,0.5802950319825849,48,0.6458333333333334,0.3541666666666667,326,30.5363,4.0
413,饮食男女-好远又好近,2012,,,1,1,0,1,-0.2673492495362696,0.5679884894022766,19,0.3684210526315789,0.631578947368421,450,30.735168,6.0
414,老男孩猛龙过江,2014,195.0,8.9,1,1,0,0,0.1201659729397231,0.6014266532939426,91,0.5494505494505495,0.4505494505494505,20864,30.766651,26.0
418,逆战,2012,,,1,0,1,0,0.2786101846334834,0.5917884963758728,48,0.7083333333333334,0.2916666666666667,12924,33.186222,30.0
421,大明劫,2013,2794.0,9.8,1,0,0,0,0.1773193438584536,0.603905903826937,929,0.589881593110872,0.4101184068891281,418,31.145758,6.0
424,负负得正,2024,,,1,0,0,1,0.1220032650664418,0.6182046707331889,247,0.5748987854251012,0.4251012145748988,7008,45.38849,5.0
428,初到东京,2012,132.0,8.6,1,0,0,1,0.2417283683394392,0.6704025111133872,45,0.6444444444444445,0.3555555555555555,52,26.040825,3.0
430,特技狂人,2024,,,1,0,1,0,0.1343846089344044,0.6054711294239518,61,0.5573770491803278,0.4426229508196721,895,47.20644,2.0
431,温柔壳,2023,,,1,0,0,1,0.4425566511256902,0.5493084466744993,66,0.7727272727272727,0.2272727272727272,1727,40.720932,3.0
435,三少爷的剑,2016,154.0,5.6,1,0,1,0,-0.3000651763136228,0.6009616612326483,124,0.2741935483870967,0.7258064516129032,10040,36.247845,11.0
438,最佳嫌疑人,2014,107.0,7.0,0,1,0,1,-0.0123635372789255,0.7535220694880684,29,0.5172413793103449,0.4827586206896552,875,30.431519,4.0
440,越来越好之村晚,2013,207.0,6.3,0,1,0,1,-0.0252641574086913,0.6007148039316416,83,0.4698795180722891,0.5301204819277109,2993,32.39825,14.0
441,请叫我英雄,2012,,,0,1,0,0,-0.4736390836875547,0.4734113072390872,11,0.1818181818181818,0.8181818181818182,193,30.560438,5.0
443,绝地战警：生死与共,2024,,,0,1,1,0,0.2047377408349088,0.6107927888302648,14,0.7142857142857143,0.2857142857142857,3667,40.301018,3.0
446,史前怪兽,2013,326.0,4.6,0,0,1,0,-0.2076132869848809,0.6144940625797888,119,0.3361344537815126,0.6638655462184874,3464,35.767846746535795,15.166281755196303
449,啊朋友还钱,2013,192.0,8.5,0,1,0,0,0.1402817127743253,0.6111317107762853,81,0.5679012345679012,0.4320987654320987,247,36.87773,3.0
452,情况不妙,2016,,,0,1,0,0,-0.4343558193751327,0.5766919001664297,23,0.1739130434782608,0.8260869565217391,884,25.33111,8.0
455,祝你幸福！,2024,,,1,0,0,0,0.1922381387146956,0.6680454974847997,85,0.6,0.4,6009,40.679493,3.0
457,我11,2012,323.0,9.5,1,0,0,0,0.3702772041495011,0.5715348218230141,123,0.7317073170731707,0.2682926829268293,483,29.285082,5.0
461,金钱堡垒,2024,,,1,0,0,0,-0.2681007073260844,0.5810973099471796,30,0.3,0.7,315,35.70778,1.0
463,那个不为人知的故事,2024,,,1,0,0,1,-0.1343790359262909,0.6777756510458843,56,0.375,0.625,11305,38.727596,4.0
470,脑洞大开,2024,,,0,1,0,0,-0.4407313191492495,0.4912136598291194,58,0.1724137931034483,0.8275862068965517,443,39.033108,2.0
471,深夜前的五分钟,2014,302.0,9.3,0,0,0,1,0.3878885863576921,0.5916234163876147,147,0.7551020408163265,0.2448979591836734,998,32.047977,7.0
472,非狐外传,2014,,,0,0,0,1,-0.3026352096349001,0.6718686105799516,5,0.4,0.6,589,30.244085,6.0
473,绑架游戏,2024,,,1,0,0,0,-0.2222716351675372,0.6617489383026748,63,0.3333333333333333,0.6666666666666666,1616,33.892513,2.0
474,愤怒的小孩,2013,,,0,1,0,0,0.2328959101516949,0.4787711042221951,19,0.6842105263157895,0.3157894736842105,837,28.134584,11.0
475,贝肯熊：火星任务,2023,,,0,1,0,0,0.252651023440697,0.630428970881948,47,0.6170212765957447,0.3829787234042553,8137,36.66673,6.0
477,绝命航班,2014,,,0,0,1,0,-0.2645007570584615,0.733803996486523,3,0.3333333333333333,0.6666666666666666,3661,38.05305,10.0
478,恶战,2014,254.0,8.3,1,0,1,0,0.1334412389486614,0.6694673370080338,72,0.5972222222222222,0.4027777777777778,781,29.532482,7.0
479,不说话的爱,2025,823.0,9.8,1,0,0,0,0.4725908643805084,0.5419326570018094,678,0.8023598820058997,0.1976401179941003,14406,41.20269,3.0
484,白毛女,2016,311.0,9.7,1,0,0,0,0.0278294113918374,0.515918524616665,78,0.4871794871794871,0.5128205128205128,584,30.333685,7.0
487,恶行之外,2025,,,1,0,0,0,-0.4703335145674646,0.4666629168840492,50,0.16,0.84,1365,36.13746,1.0
488,六弄咖啡馆,2016,314.0,8.8,1,0,0,1,-0.0041021485135636,0.6917339395942677,110,0.4818181818181818,0.5181818181818182,653,30.672478000000005,4.0
490,萧红,2013,,,1,0,0,0,-0.1011256496421992,0.655514227875532,22,0.4090909090909091,0.5909090909090909,197,31.51333,12.0
492,保持通话,2014,658.0,9.1,1,0,1,0,0.2841837596765646,0.5903937968434916,178,0.6741573033707865,0.3258426966292135,931,27.51792457142857,136.0
495,一句顶一万句,2016,,,1,0,0,1,0.0924852661004192,0.6024664264800916,19,0.4736842105263157,0.5263157894736842,2088,29.380325,7.0
497,戒烟不戒酒,2011,,,1,1,0,0,0.0366852588153311,0.6640145153442598,21,0.5714285714285714,0.4285714285714285,683,33.004826,15.0
500,全城通缉,2014,,,1,0,0,0,-0.2607621073722839,0.495008643879898,5,0.4,0.6,3488,31.144587,11.0
502,一夜惊喜,2013,,,0,1,0,1,0.2166833559749648,0.5894276016437945,8,0.625,0.375,17629,31.19797569896194,27.023257133132905
504,脱皮爸爸,2018,128.0,8.9,1,1,0,0,0.1227533605895818,0.6108895460411395,63,0.6349206349206349,0.365079365079365,803,29.435347,4.0
514,巴黎宝贝,2011,,,1,1,0,1,-0.0805021536193396,0.6644772659448862,19,0.4210526315789473,0.5789473684210527,2104,28.9297,14.0
516,青魇,2012,147.0,8.0,1,0,0,0,0.1390182449450266,0.735051506848621,58,0.603448275862069,0.396551724137931,805,30.194057,10.0
517,想飞的女孩,2025,,,1,0,0,0,-0.3556361473925716,0.6010520999660288,49,0.2857142857142857,0.7142857142857143,1697,40.68238399999999,2.0
518,最好的相遇,2023,,,1,0,0,1,0.1266101592292006,0.6245265837454457,26,0.5769230769230769,0.4230769230769231,1773,40.78947,2.0
533,蓝色骨头,2014,,,1,0,0,0,-0.0917509644558387,0.517532202406035,28,0.4642857142857143,0.5357142857142857,402,33.263256,4.0
535,狼图腾,2015,336.0,4.4,1,0,0,0,-0.4264218927171357,0.528351651177787,108,0.1851851851851851,0.8148148148148148,70025,39.419004585533735,34.158857550874686
545,老枪,2024,,,1,0,0,0,0.2500037668574163,0.6173160927065129,68,0.6470588235294118,0.3529411764705882,563,37.25,1.0
547,白幽灵传奇之绝命逃亡,2014,134.0,6.5,0,0,1,0,-0.045001852199814,0.6389643300361318,59,0.4576271186440678,0.5423728813559322,2417,37.06487702730658,8.506412908564336
553,天堂旅行团,2025,,,1,0,0,0,-0.1642393150752218,0.6888057817407935,58,0.3448275862068966,0.6551724137931034,6599,38.79418,2.0
557,绝地重生,2024,,,1,0,0,0,-0.4273456549271941,0.4869200123193349,20,0.15,0.85,1117,36.158035,20.0
562,秋之白华,2011,130.0,9.1,1,0,0,1,0.3472485079176046,0.6113556759046067,44,0.75,0.25,296,46.46552,20.0
573,命中罪爱,2025,,,1,0,0,0,-0.0280611540444872,0.7338366534492108,11,0.6363636363636364,0.3636363636363636,128,35.442467,1.0
590,我会好好的,2025,,,1,0,0,0,0.178168512486781,0.8022348467674648,26,0.6153846153846154,0.3846153846153846,2491,37.88101,1.0
604,捍卫者,2017,,,1,0,0,0,0.2771178980315612,0.5837194493497582,44,0.6590909090909091,0.3409090909090909,1033,30.782995,9.0
607,宝葫芦的秘密,2011,,,0,1,0,0,0.2002875460893847,0.5702490714325592,16,0.5,0.5,6,13.380953,323.0
608,我知女人心,2011,,,0,1,0,1,0.166765021905303,0.6546999620524385,10,0.6,0.4,6530,34.57109,24.0
614,非常幸运,2013,,,0,1,0,1,0.0654131680993097,0.6612666991956031,28,0.6071428571428571,0.3928571428571428,13660,32.257214,17.0
624,形影不离,2012,,,1,0,0,0,-0.1630443618411109,0.674376570602472,21,0.3333333333333333,0.6666666666666666,888,30.83911,7.0
630,花漾,2013,,,1,0,0,1,0.5931314533310277,0.3807530750207928,7,0.8571428571428571,0.1428571428571428,210,31.449875,3.0
636,新大头儿子和小头爸爸6：迷你大冒险,2024,,,0,1,0,0,-0.1373142413939013,0.599423164528985,194,0.3711340206185567,0.6288659793814433,2823,33.830803,5.0
639,我最好朋友的婚礼,2016,,,0,1,0,1,-0.1913887033135526,0.640896949419815,18,0.2777777777777778,0.7222222222222222,3741,28.693634,11.0
652,使徒行者,2016,,,1,0,1,0,0.3463821972254663,0.6239277907555475,16,0.6875,0.3125,60531,29.397663,24.0
653,冥绝村,2023,,,1,0,0,0,-0.2685337514665566,0.5018745924842571,19,0.3157894736842105,0.6842105263157895,771,32.062737,2.0
658,来自汪星的你,2024,,,0,1,0,0,0.2414836470658581,0.6845009849068916,9,0.5555555555555556,0.4444444444444444,609,37.026897,1.0
660,特工艾米拉,2014,,,0,0,1,0,-0.2897369362413883,0.7643351280678328,5,0.4,0.6,721,31.592909,5.0
673,荡寇风云,2017,,,0,0,1,0,0.1675653744299533,0.601441676429991,59,0.576271186440678,0.423728813559322,6513,32.902115,12.0
674,野蛮人入侵,2023,,,1,0,0,0,0.0367956097636903,0.6006602364622613,7,0.5714285714285714,0.4285714285714285,100,39.132645,6.0
675,超时空救兵,2012,,,0,1,1,0,-0.0050964881666004,0.6864614792466404,16,0.375,0.625,369,31.322662000000005,10.0
676,闺蜜,2014,,,0,1,0,1,-0.218668939969079,0.5424538498738398,11,0.3636363636363636,0.6363636363636364,20443,31.873175,23.0
685,逃出生天,2013,,,1,0,0,0,0.1994363220208989,0.682704480790818,28,0.6785714285714286,0.3214285714285714,13266,36.487095,18.0
687,圣诞玫瑰,2013,,,1,0,0,0,-0.62801295882673,0.3914751575413677,16,0.125,0.875,2341,30.873974,9.0
692,多想和你再见一面,2024,,,1,0,0,1,0.2328295380409275,0.5561435755675141,14,0.6428571428571429,0.3571428571428571,252,41.18599,1.0
697,我是路人甲,2015,,,1,1,0,0,-0.076311089657247,0.6905153145002398,15,0.4,0.6,6300,33.933136,16.0
700,神奇马戏团之动物饼干,2018,,,0,1,0,0,-0.2857759630307555,0.692389963574163,5,0.4,0.6,6488,35.236668,9.0
701,江山美人,2014,134.0,5.1,1,0,1,1,-0.4804638047935441,0.576735690232448,44,0.2272727272727272,0.7727272727272727,174,24.858377000000004,131.0
703,李小龙我的兄弟,2011,,,1,0,1,1,-0.4360832373301188,0.2855659585623523,6,0.1666666666666666,0.8333333333333334,6,10.716269000000002,150.0
710,不怕贼惦记,2011,,,1,1,0,0,-0.3503927281842782,0.5489043648118976,13,0.3076923076923077,0.6923076923076923,385,28.22864,8.0
716,美国内战,2024,,,1,0,1,0,-0.2728028943658703,0.6397186627233473,27,0.3703703703703703,0.6296296296296297,2327,42.122868,3.0
720,王牌,2014,,,1,0,0,0,-0.2905721565087636,0.0360552276302585,3,0.0,1.0,3132,31.521345749042148,11.582375478927204
739,钢铁意志,2022,,,1,0,0,0,0.5267854721047157,0.5567251564701085,43,0.813953488372093,0.1860465116279069,10299,44.198284,6.0
769,龙之战,2017,,,0,0,1,0,0.0888487641863963,0.6712006539246721,17,0.4705882352941176,0.5294117647058824,6536,38.76812,46.0
785,恋爱恐慌症,2011,,,0,1,0,1,-0.142607208208314,0.5937765012156265,14,0.3571428571428571,0.6428571428571429,369,29.660315,7.0
787,意外的恋爱时光,2013,,,0,1,0,1,0.1697780321817845,0.6177679635548522,20,0.6,0.4,2350,31.73764,8.0
792,大师兄,2018,,,0,1,1,0,0.5039594130357727,0.4765996110126607,16,0.875,0.125,14630,32.85148,11.0
811,控制,2013,,,0,0,1,0,-0.0508382588624954,0.7852037970682457,5,0.4,0.6,4358,31.361536000000005,11.0
813,龙马精神,2023,,,1,0,0,0,-0.2513500154018402,,1,0.0,1.0,21081,41.572433,4.0
816,孤星计划,2024,,,1,0,0,0,0.3920783059568041,0.6433067581702168,108,0.7222222222222222,0.2777777777777778,10221,36.03528074748068,3.99843459544076
825,做次有钱人,2012,,,0,1,0,1,0.3951419424265623,0.5046866847715994,8,0.75,0.25,143,28.132765,5.0
834,夜色撩人,2017,,,1,0,0,0,-0.653532650321722,0.3956180053343671,2,0.0,1.0,377,31.036526,2.0
837,花木兰,2020,121.0,9.7,1,0,0,0,0.1957368586285441,0.4931864180281317,51,0.6666666666666666,0.3333333333333333,27808,35.92563,6.0
841,不想和你有遗憾,2024,,,1,0,0,0,0.1825628876686095,0.9901048511594626,2,0.5,0.5,1748,37.262726,2.0
845,老爷保号,2021,,,1,1,0,1,0.150372680897514,0.6614514264086374,12,0.4166666666666667,0.5833333333333334,300,32.370453,6.0
859,摩登森林之美食总动员,2014,177.0,8.1,0,1,0,0,0.1103456177127858,0.6074511472623011,108,0.5740740740740741,0.4259259259259259,208,28.795588,7.0
867,新娘大作战,2015,,,0,1,0,1,-0.1702515478763315,0.4735256944766712,9,0.2222222222222222,0.7777777777777778,17304,33.251358,21.0
868,脱轨时代,2014,,,0,1,0,1,0.4611404705792665,0.6450903725618253,2,1.0,0.0,5467,31.119541,12.0
904,露水红颜,2014,,,0,0,0,1,-0.0396638697605918,0.6063131541614125,22,0.5,0.5,6589,31.358854000000004,12.0
919,神探驾到,2015,,,0,1,0,1,-0.0159672855266502,0.6607285328417035,7,0.4285714285714285,0.5714285714285714,3712,37.177197,13.0
930,绿毛怪格林奇,2018,,,0,1,0,0,0.1454637802459976,0.6789081886378368,11,0.5454545454545454,0.4545454545454545,2588,33.92607,6.0
936,雄狮少年2,2024,,,0,1,1,0,0.4286909995257462,0.6125275121739197,171,0.7894736842105263,0.2105263157894736,8404,38.44765729652546,3.1968110423607805
938,上海王,2017,,,1,0,1,1,0.1723577752709388,0.6516807992542034,3,0.3333333333333333,0.6666666666666666,1361,31.362219,6.0
953,不再让你孤单,2011,,,1,0,0,1,-0.1174830071007212,0.4596222926759954,12,0.3333333333333333,0.6666666666666666,1994,31.743443,12.0
962,摩登年代,2013,,,1,1,0,0,0.0434777802891201,0.4317904787004458,9,0.6666666666666666,0.3333333333333333,6835,29.525103,15.0
963,熊出没·重启未来,2025,187.0,9.6,1,1,0,0,0.310249238597103,0.5976656789221516,133,0.6541353383458647,0.3458646616541353,82125,46.72025,14.0
968,超级望望,2025,,,0,1,0,0,0.2060345001518726,0.801764243277263,4,0.5,0.5,26,42.36639000000001,8.0
973,大武当之天地密码,2012,,,0,1,1,0,0.0031788228079676,0.6349384529029222,8,0.5,0.5,3789,31.236824,16.0
977,光辉岁月,2013,,,1,0,1,0,0.5298904776573182,0.3736612091164542,3,1.0,0.0,372,30.803844,4.0
985,怨偶铠甲,2023,,,1,0,0,0,0.3148317097996672,0.624498490503689,6,0.8333333333333334,0.1666666666666666,216,35.090427,1.0
991,早春二月,2025,,,1,0,0,1,0.375090011395514,0.5470022126415136,12,0.75,0.25,2,51.37147,29.0
993,再见，在也不见,2016,,,1,0,0,1,0.0049936473369598,,1,1.0,0.0,1146,29.045393,5.0
995,杀戒,2013,,,0,0,0,1,-0.1521324245259165,0.9416274549077484,4,0.5,0.5,943,31.280844,7.0
1006,开罗宣言,2015,,,1,0,0,0,0.0483091603964567,0.637151125080922,6,0.5,0.5,838,45.11581399999999,16.0
1007,临终囧事,2013,,,0,1,0,0,0.6386618576943874,0.3395472105072261,4,1.0,0.0,776,28.736073999999995,5.0
1029,缉枪,2017,,,1,0,1,0,0.5367322294041514,0.4997069146231119,4,0.75,0.25,1645,32.72453,15.0
1054,嘿店,2011,,,0,1,0,0,-0.4387358203530311,0.5515388542126382,2,0.0,1.0,326,29.068731000000003,8.0
1069,城市游戏,2014,,,0,0,1,0,-0.0555765703320503,1.0756221870973552,2,0.5,0.5,315,29.641684,4.0
1075,站起来,2011,,,1,0,0,0,0.3404480054974556,0.560846608961258,5,0.8,0.2,3,38.549076,9.0
1100,功夫战斗机,2013,,,1,0,1,0,-0.8006919771432878,,1,0.0,1.0,122,33.907536,3.0
1108,大宅男,2014,,,0,1,0,1,-0.3653142526745796,0.7054405581404877,4,0.25,0.75,102,30.923353,6.0
1133,勇士,2016,,,0,0,1,0,0.7600411027669907,0.045457335947455,2,1.0,0.0,3243,27.433575,10.0
1137,赛车传奇,2011,,,1,0,1,1,-0.3148966878652572,0.4523916489348076,2,0.5,0.5,152,29.728937,5.0
1147,疯狂72小时,2014,,,0,1,0,0,0.015974630912145,0.1398794331284522,3,0.6666666666666666,0.3333333333333333,2726,29.454737,9.0
1157,一路有你,2011,,,1,0,0,1,0.6816780501976609,0.3984092607194309,2,1.0,0.0,581,37.03028,10.0
1180,伤心童话,2012,,,0,1,0,1,-0.6498373746871948,,1,0.0,1.0,1147,29.64654,6.0
1206,战火中的芭蕾,2015,,,1,0,0,0,0.0995000371088584,0.6116322406540868,30,0.4666666666666667,0.5333333333333333,1210,43.553055,51.0
1242,完美假妻168,2014,,,0,1,0,1,0.1633328534662723,0.4314219921424092,4,0.75,0.25,2919,31.026361,10.0
1244,情敌蜜月,2015,,,0,1,0,1,0.8447293639183046,,1,1.0,0.0,1031,32.13592,7.0
1246,北京纽约,2015,,,1,0,0,1,0.0321076735854148,0.892281309805965,2,0.5,0.5,1902,31.823132,7.0
1251,笑过2012,2012,,,1,0,0,0,-0.445066062733531,0.6364785649575112,2,0.5,0.5,68,29.958769,3.0
1254,破局,2014,,,1,0,0,1,-0.5364285996183754,0.4053229936678363,4,0.25,0.75,93,28.89137,3.0
1288,目标战,2013,,,0,0,1,0,-0.0701457721491654,0.7411121050041026,3,0.6666666666666666,0.3333333333333333,16,27.803068,1.0
1296,醉后一夜,2012,,,0,1,0,1,0.0049925148487091,,1,1.0,0.0,985,31.218193,9.0
1313,既然青春留不住,2015,,,0,1,0,1,0.0973045006394386,0.8911996952326299,2,0.5,0.5,5010,30.053284,11.0
1349,爱情银行,2013,,,1,0,0,1,0.5782690743605298,0.4983648043253489,3,1.0,0.0,534,30.33994,4.0
1351,亲密敌人,2011,,,1,0,0,1,0.3444851338863373,0.766651773270452,3,0.6666666666666666,0.3333333333333333,11028,35.76161446599565,25.979597388465724
1354,情谜,2012,,,1,0,0,1,-0.1645421087741851,,1,0.0,1.0,2190,31.492325,12.0
1362,李可乐寻人记,2014,,,0,1,0,1,-0.0429353602230548,0.6500287402326026,4,0.5,0.5,310,28.635342,3.0
1364,困兽,2023,,,1,0,0,0,-0.8793202750384808,,1,0.0,1.0,2177,40.267094,2.0
1386,水饺皇后,2025,,,1,0,0,0,-0.2029578597487314,0.6481530055490963,23,0.3478260869565217,0.6521739130434783,41023,39.362267,4.0
1413,神奇,2013,,,1,0,0,1,-0.1855076551437378,,1,0.0,1.0,4569,46.53038,15.0
1415,戴假发的人,2024,,,1,0,0,0,0.6961290240287782,,1,1.0,0.0,421,35.447746,1.0
1464,查无此人,2012,,,1,0,0,0,0.0049924552440643,,1,1.0,0.0,286,31.059399,7.0
1492,闯入者,2015,,,1,0,0,0,0.0049922466278076,,1,1.0,0.0,1002,35.103657,8.0
1521,帝国秘符,2013,,,0,0,1,0,0.8604468628764155,,1,1.0,0.0,339,29.519205000000003,5.0
1599,胡杨的夏天,2017,,,0,1,0,1,0.513608917593956,0.4882373806875705,3,0.6666666666666666,0.3333333333333333,467,30.403395,7.0
1604,表白吧！在毕业前,2023,,,0,1,0,1,0.6141285747289658,0.2461205047565499,2,1.0,0.0,371,37.71763,1.0
1643,苍茫的天涯是我的爱,2025,,,1,1,0,0,0.4364873496815562,0.5894190284457753,8,0.875,0.125,8814,38.4555,3.0
1836,热烈,2023,254.0,9.5,1,1,0,0,0.4374158085485649,0.5931373377958054,213,0.7699530516431925,0.2300469483568075,93347,41.341425429740646,14.783174606575466
1953,还是觉得你最好,2022,3389.0,9.5,1,1,0,1,0.2160146622066173,0.6052980381325906,1333,0.6391597899474869,0.3608402100525131,10723,33.29185,4.0
1955,九龙城寨之围城,2024,2765.0,9.4,1,0,1,0,0.2275995791638484,0.6011567070036407,1998,0.6166166166166166,0.3833833833833834,68643,41.02464367912242,6.987675363838993
1967,破·地狱,2024,1949.0,9.8,1,0,0,0,0.2317211888750626,0.5883199411509401,1390,0.637410071942446,0.3625899280575539,21109,38.137262733762846,5.855843479084751
1969,荒野猎人,2016,3759.0,9.6,1,0,1,0,0.0584169547492456,0.6045105558859626,767,0.4954367666232073,0.5045632333767927,37673,30.41604,22.0
1977,断网,2023,1603.0,8.2,1,0,1,0,-0.183546625065721,0.6562872221561787,1319,0.3517816527672479,0.6482183472327521,6488,42.05330299999999,3.0
1986,深海浩劫,2016,1219.0,9.5,1,0,0,0,0.1994301413167633,0.6548206817479707,255,0.615686274509804,0.3843137254901961,7257,28.02457,10.0
1987,追缉,2023,,,1,0,0,0,-0.3319702398458723,0.5926735653343641,467,0.2612419700214132,0.7387580299785867,2093,32.62824,2.0
2004,甜蜜蜜,2015,666.0,9.7,1,0,0,1,0.2052899880800396,0.5893140444440467,304,0.6118421052631579,0.3881578947368421,1234,44.242256,10.0
2011,少年派的奇幻漂流,2012,235.0,9.6,1,0,0,0,0.0578846629923926,0.5563881117230677,130,0.4923076923076923,0.5076923076923077,57288,39.429,38.0
2015,年少日记,2024,736.0,9.8,1,0,0,0,0.0994030899843681,0.6144687793434122,523,0.5430210325047801,0.4569789674952199,1566,39.400227,2.0
2020,超级战舰,2012,409.0,8.8,0,0,1,0,0.0413729844539857,0.6271809122908588,298,0.4798657718120805,0.5201342281879194,31009,33.878807,31.0
2022,危机航线,2024,533.0,6.0,0,0,1,0,-0.0914906090186964,0.6399585585637778,439,0.4077448747152619,0.592255125284738,30041,42.41247,6.0
2030,桃姐,2012,987.0,9.6,1,0,0,0,0.2116370934114422,0.6109817663233645,265,0.6377358490566037,0.3622641509433962,7035,31.5886,19.0
2037,倩女幽魂,2011,190.0,9.5,0,0,0,1,0.2640193436192731,0.617744386771761,73,0.6027397260273972,0.3972602739726027,16410,34.59997306727605,19.17367458866545
2038,变身超人,2013,880.0,9.2,0,1,1,0,0.2147963050609597,0.5970703199333537,390,0.6282051282051282,0.3717948717948718,235,30.168156,4.0
2049,摩天营救,2018,822.0,8.1,0,0,1,0,-0.0466666799387272,0.6940007144937148,187,0.4598930481283422,0.5401069518716578,66981,35.184887,18.0
2054,缘份,2016,509.0,8.7,1,1,0,1,-0.0642350480472669,0.6512213990482715,200,0.46,0.54,1389,27.409107,8.0
2060,梅艳芳,2021,103.0,9.4,1,0,0,0,0.2322250087629072,0.5981834657732698,80,0.6125,0.3875,11334,33.51103,5.0
2061,5月天诺亚方舟,2013,363.0,9.5,1,0,0,0,0.1208429790030305,0.5279761937041223,104,0.5865384615384616,0.4134615384615384,2068,40.25307,11.0
2063,错过你的那些年,2024,117.0,8.8,1,0,0,0,0.183124990806311,0.6142367411671328,91,0.6043956043956044,0.3956043956043956,5254,37.94601,3.0
2089,铁拳,2016,,,0,0,1,0,-0.1545748381565014,0.5597128477695147,6,0.6666666666666666,0.3333333333333333,786,29.849229999999995,3.0
2107,逆光飞翔,2013,148.0,9.5,1,0,0,1,0.4994589659024258,0.5012690054459057,49,0.8571428571428571,0.1428571428571428,871,31.313875,8.0
2132,奇迹男孩,2018,141.0,9.7,1,0,0,0,0.43515960399348,0.484460201722563,104,0.7788461538461539,0.2211538461538461,19151,30.257133,13.0
2155,爆笑角斗士,2012,,,0,1,0,0,0.0062762172892689,0.7695758473676807,4,0.5,0.5,484,30.619364,7.0
2162,念念,2015,,,1,0,0,1,-0.5448828265070915,0.0169907327971816,2,0.0,1.0,1370,42.353573,11.0
2178,诡才之道,2025,,,0,1,0,0,0.3245806674472987,0.6314075770176051,20,0.65,0.35,4034,39.764748,3.0
2201,一念无明,2017,,,1,0,0,0,0.2364603416235358,0.5564631833620751,27,0.5925925925925926,0.4074074074074074,940,34.405727,5.0
2217,失业生,2017,,,1,0,0,1,0.1293653616947787,0.7048436973158441,14,0.5,0.5,610,28.838776,3.0
2235,王牌情敌,2013,,,0,1,0,1,-0.2690658792853355,0.4226877493229043,8,0.125,0.875,1162,29.674717,7.0
2239,鸡排英雄,2011,,,1,1,0,0,-0.4949100613594055,0.200803793610284,3,0.0,1.0,81,28.15882,8.0
2278,插翅难飞,2025,,,1,0,1,0,0.2002838204304377,0.2828547728801992,3,1.0,0.0,128,39.30964,1.0
